filename,fold,target,category,esc10,src_file,take
1-000001-A-0.wav,1,0,background,False,Background.cbor.5s58tmo3.ingestion-6d4bc445b6-f9kz2_chunk3.wav.5usb0p1a.ingestion-6598c7946d-h6mqm.wav,A
2-000002-A-0.wav,2,0,background,False,Background.cbor.5s5738uc.ingestion-6d4bc445b6-rr4b8_chunk3.wav.5usb061h.ingestion-6598c7946d-dvgwh.wav,A
3-000003-A-0.wav,3,0,background,False,Background.cbor.5s81vdgp.ingestion-7d97fcc65d-nqk77_chunk3.wav.5usb1pdu.ingestion-6598c7946d-h6mqm.wav,A
4-000004-A-0.wav,4,0,background,False,Background.cbor.5s5b7s9i.ingestion-6d4bc445b6-f9kz2_chunk3.wav.5usb1hec.ingestion-6598c7946d-tz468.wav,A
5-000005-A-0.wav,5,0,background,False,Background.cbor.5s5ajeur.ingestion-6d4bc445b6-rr4b8_chunk0.wav.5usb17ul.ingestion-6598c7946d-tz468.wav,A
1-000006-A-0.wav,1,0,background,False,Background.cbor.5s57000n.ingestion-6d4bc445b6-rr4b8_chunk2.wav.5usb03r1.ingestion-6598c7946d-dvgwh.wav,A
2-000007-A-0.wav,2,0,background,False,Background.cbor.5s5ajuvj.ingestion-6d4bc445b6-f9kz2_chunk0.wav.5usb18o6.ingestion-6598c7946d-tz468.wav,A
3-000008-A-0.wav,3,0,background,False,Background.cbor.5s58silh.ingestion-6d4bc445b6-rr4b8_chunk1.wav.5usb0ob0.ingestion-6598c7946d-tz468.wav,A
4-000009-A-0.wav,4,0,background,False,Background.cbor.5s5af4tr.ingestion-6d4bc445b6-f9kz2_chunk1.wav.5usb177m.ingestion-6598c7946d-dvgwh.wav,A
5-000010-A-0.wav,5,0,background,False,Background.cbor.5s80k542.ingestion-7d97fcc65d-655sb_chunk0.wav.5usb1hk8.ingestion-6598c7946d-dvgwh.wav,A
1-000011-A-0.wav,1,0,background,False,Background.cbor.5s5ahbdt.ingestion-6d4bc445b6-dzrkj_chunk4.wav.5usb17u7.ingestion-6598c7946d-h6mqm.wav,A
2-000012-A-0.wav,2,0,background,False,Background.cbor.5s5amkrb.ingestion-6d4bc445b6-f9kz2_chunk2.wav.5usb1aoa.ingestion-6598c7946d-dvgwh.wav,A
3-000013-A-0.wav,3,0,background,False,Background.cbor.5s5aq37b.ingestion-6d4bc445b6-f9kz2_chunk3.wav.5usb1cb4.ingestion-6598c7946d-tz468.wav,A
4-000014-A-0.wav,4,0,background,False,Background.cbor.5s81u5sj.ingestion-7d97fcc65d-lkmjc_chunk1.wav.5usb1olr.ingestion-6598c7946d-dvgwh.wav,A
5-000015-A-0.wav,5,0,background,False,Background.cbor.5s58tmo3.ingestion-6d4bc445b6-f9kz2_chunk4.wav.5usb0p45.ingestion-6598c7946d-h6mqm.wav,A
1-000016-A-0.wav,1,0,background,False,Background.cbor.5s81qm3u.ingestion-7d97fcc65d-655sb_chunk3.wav.5usb1muh.ingestion-6598c7946d-h6mqm.wav,A
2-000017-A-0.wav,2,0,background,False,Background.cbor.5s5b5oko.ingestion-6d4bc445b6-dzrkj_chunk1.wav.5usb1gko.ingestion-6598c7946d-tz468.wav,A
3-000018-A-0.wav,3,0,background,False,Background.cbor.5s58uq8h.ingestion-6d4bc445b6-dzrkj_chunk3.wav.5usb0q1q.ingestion-6598c7946d-dvgwh.wav,A
4-000019-A-0.wav,4,0,background,False,Background.cbor.5s57429v.ingestion-6d4bc445b6-dzrkj_chunk0.wav.5usb06gs.ingestion-6598c7946d-tz468.wav,A
5-000020-A-0.wav,5,0,background,False,Background.cbor.5s81vdgp.ingestion-7d97fcc65d-nqk77_chunk2.wav.5usb1pds.ingestion-6598c7946d-dvgwh.wav,A
1-000021-A-0.wav,1,0,background,False,Background.cbor.5s56ucut.ingestion-6d4bc445b6-rr4b8_chunk0.wav.5usb04ku.ingestion-6598c7946d-tz468.wav,A
2-000022-A-0.wav,2,0,background,False,Background.cbor.5s80kr30.ingestion-7d97fcc65d-nqk77_chunk1.wav.5usb1ids.ingestion-6598c7946d-dvgwh.wav,A
3-000023-A-0.wav,3,0,background,False,Background.cbor.5s81ot38.ingestion-7d97fcc65d-lkmjc_chunk4.wav.5usb1lqt.ingestion-6598c7946d-tz468.wav,A
4-000024-A-0.wav,4,0,background,False,Background.cbor.5s58uq8h.ingestion-6d4bc445b6-dzrkj_chunk0.wav.5usb0q1d.ingestion-6598c7946d-dvgwh.wav,A
5-000025-A-0.wav,5,0,background,False,Background.cbor.5s5b7s9i.ingestion-6d4bc445b6-f9kz2_chunk2.wav.5usb1h14.ingestion-6598c7946d-h6mqm.wav,A
1-000026-A-0.wav,1,0,background,False,Background.cbor.5s81rbpk.ingestion-7d97fcc65d-655sb_chunk2.wav.5usb1nha.ingestion-6598c7946d-dvgwh.wav,A
2-000027-A-0.wav,2,0,background,False,Background.cbor.5s81rbpk.ingestion-7d97fcc65d-655sb_chunk1.wav.5usb1nb6.ingestion-6598c7946d-h6mqm.wav,A
3-000028-A-0.wav,3,0,background,False,Background.cbor.5s8200nj.ingestion-7d97fcc65d-nqk77_chunk4.wav.5usb1pno.ingestion-6598c7946d-tz468.wav,A
4-000029-A-0.wav,4,0,background,False,Background.cbor.5s80jfua.ingestion-7d97fcc65d-655sb_chunk4.wav.5usb1hk9.ingestion-6598c7946d-tz468.wav,A
5-000030-A-0.wav,5,0,background,False,Background.cbor.5s81pe1o.ingestion-7d97fcc65d-lkmjc_chunk4.wav.5usb1med.ingestion-6598c7946d-dvgwh.wav,A
1-000031-A-0.wav,1,0,background,False,Background.cbor.5s56vack.ingestion-6d4bc445b6-f9kz2_chunk1.wav.5usb04em.ingestion-6598c7946d-h6mqm.wav,A
2-000032-A-0.wav,2,0,background,False,Background.cbor.5s5am53r.ingestion-6d4bc445b6-rr4b8_chunk4.wav.5usb1ahi.ingestion-6598c7946d-tz468.wav,A
3-000033-A-0.wav,3,0,background,False,Background.cbor.5s80kr30.ingestion-7d97fcc65d-nqk77_chunk0.wav.5usb1i7v.ingestion-6598c7946d-tz468.wav,A
4-000034-A-0.wav,4,0,background,False,Background.cbor.5s5akvgv.ingestion-6d4bc445b6-rr4b8_chunk0.wav.5usb19h4.ingestion-6598c7946d-tz468.wav,A
5-000035-A-0.wav,5,0,background,False,Background.cbor.5s5b36jv.ingestion-6d4bc445b6-dzrkj_chunk0.wav.5usb1eol.ingestion-6598c7946d-tz468.wav,A
1-000036-A-0.wav,1,0,background,False,Background.cbor.5s81ot38.ingestion-7d97fcc65d-lkmjc_chunk1.wav.5usb1lkp.ingestion-6598c7946d-dvgwh.wav,A
2-000037-A-0.wav,2,0,background,False,Background.cbor.5s5am53r.ingestion-6d4bc445b6-rr4b8_chunk2.wav.5usb1aau.ingestion-6598c7946d-dvgwh.wav,A
3-000038-A-0.wav,3,0,background,False,Background.cbor.5s81qm3u.ingestion-7d97fcc65d-655sb_chunk4.wav.5usb1nas.ingestion-6598c7946d-tz468.wav,A
4-000039-A-0.wav,4,0,background,False,Background.cbor.5s81pe1o.ingestion-7d97fcc65d-lkmjc_chunk1.wav.5usb1m7e.ingestion-6598c7946d-h6mqm.wav,A
5-000040-A-0.wav,5,0,background,False,Background.cbor.5s572dij.ingestion-6d4bc445b6-f9kz2_chunk2.wav.5usb05e5.ingestion-6598c7946d-dvgwh.wav,A
1-000041-A-0.wav,1,0,background,False,Background.cbor.5s5738uc.ingestion-6d4bc445b6-rr4b8_chunk1.wav.5usb05qn.ingestion-6598c7946d-h6mqm.wav,A
2-000042-A-0.wav,2,0,background,False,Background.cbor.5s58u6bs.ingestion-6d4bc445b6-rr4b8_chunk0.wav.5usb0p44.ingestion-6598c7946d-dvgwh.wav,A
3-000043-A-0.wav,3,0,background,False,Background.cbor.5s5a3dt1.ingestion-6d4bc445b6-rr4b8_chunk3.wav.5usb1583.ingestion-6598c7946d-tz468.wav,A
4-000044-A-0.wav,4,0,background,False,Background.cbor.5s5a041s.ingestion-6d4bc445b6-rr4b8_chunk4.wav.5usb14nn.ingestion-6598c7946d-dvgwh.wav,A
5-000045-A-0.wav,5,0,background,False,Background.cbor.5s5anok3.ingestion-6d4bc445b6-f9kz2_chunk2.wav.5usb1bhd.ingestion-6598c7946d-tz468.wav,A
1-000046-A-0.wav,1,0,background,False,Background.cbor.5s5b2jbr.ingestion-6d4bc445b6-f9kz2_chunk3.wav.5usb1eoc.ingestion-6598c7946d-h6mqm.wav,A
2-000047-A-0.wav,2,0,background,False,Background.cbor.5s5alg7n.ingestion-6d4bc445b6-rr4b8_chunk0.wav.5usb19u1.ingestion-6598c7946d-tz468.wav,A
3-000048-A-0.wav,3,0,background,False,Background.cbor.5s81u5sj.ingestion-7d97fcc65d-lkmjc_chunk0.wav.5usb1olr.ingestion-6598c7946d-tz468.wav,A
4-000049-A-0.wav,4,0,background,False,Background.cbor.5s5alg7n.ingestion-6d4bc445b6-rr4b8_chunk3.wav.5usb1a5e.ingestion-6598c7946d-tz468.wav,A
5-000050-A-0.wav,5,0,background,False,Background.cbor.5s5akev7.ingestion-6d4bc445b6-rr4b8_chunk1.wav.5usb19ar.ingestion-6598c7946d-tz468.wav,A
1-000051-A-0.wav,1,0,background,False,Background.cbor.5s5ajuvj.ingestion-6d4bc445b6-f9kz2_chunk2.wav.5usb18u5.ingestion-6598c7946d-h6mqm.wav,A
2-000052-A-0.wav,2,0,background,False,Background.cbor.5s5772ft.ingestion-6d4bc445b6-f9kz2_chunk0.wav.5usb084h.ingestion-6598c7946d-dvgwh.wav,A
3-000053-A-0.wav,3,0,background,False,Background.cbor.5s80k542.ingestion-7d97fcc65d-655sb_chunk4.wav.5usb1ibp.ingestion-6598c7946d-h6mqm.wav,A
4-000054-A-0.wav,4,0,background,False,Background.cbor.5s5b1os1.ingestion-6d4bc445b6-dzrkj_chunk0.wav.5usb1eeb.ingestion-6598c7946d-dvgwh.wav,A
5-000055-A-0.wav,5,0,background,False,Background.cbor.5s56s41a.ingestion-6d4bc445b6-dzrkj_chunk2.wav.5usb04ke.ingestion-6598c7946d-tz468.wav,A
1-000056-A-0.wav,1,0,background,False,Background.cbor.5s5b5oko.ingestion-6d4bc445b6-dzrkj_chunk3.wav.5usb1gko.ingestion-6598c7946d-h6mqm.wav,A
2-000057-A-0.wav,2,0,background,False,Background.cbor.5s572dij.ingestion-6d4bc445b6-f9kz2_chunk4.wav.5usb05ki.ingestion-6598c7946d-tz468.wav,A
3-000058-A-0.wav,3,0,background,False,Background.cbor.5s5b6s8j.ingestion-6d4bc445b6-dzrkj_chunk0.wav.5usb1gl4.ingestion-6598c7946d-dvgwh.wav,A
4-000059-A-0.wav,4,0,background,False,Background.cbor.5s80kr30.ingestion-7d97fcc65d-nqk77_chunk3.wav.5usb1idr.ingestion-6598c7946d-tz468.wav,A
5-000060-A-0.wav,5,0,background,False,Background.cbor.5s5b5oko.ingestion-6d4bc445b6-dzrkj_chunk4.wav.5usb1gl8.ingestion-6598c7946d-tz468.wav,A
1-000061-A-0.wav,1,0,background,False,Background.cbor.5s58p8mo.ingestion-6d4bc445b6-dzrkj_chunk0.wav.5usb0mh5.ingestion-6598c7946d-tz468.wav,A
2-000062-A-0.wav,2,0,background,False,Background.cbor.5s80lq1o.ingestion-7d97fcc65d-lkmjc.s1_chunk0.wav.5usb1ieh.ingestion-6598c7946d-h6mqm.wav,A
3-000063-A-0.wav,3,0,background,False,Background.cbor.5s8200nj.ingestion-7d97fcc65d-nqk77_chunk0.wav.5usb1phb.ingestion-6598c7946d-h6mqm.wav,A
4-000064-A-0.wav,4,0,background,False,Background.cbor.5s5b5oko.ingestion-6d4bc445b6-dzrkj_chunk2.wav.5usb1gkk.ingestion-6598c7946d-dvgwh.wav,A
5-000065-A-0.wav,5,0,background,False,Background.cbor.5s81afvo.ingestion-7d97fcc65d-655sb_chunk3.wav.5usb1kuf.ingestion-6598c7946d-h6mqm.wav,A
1-000066-A-0.wav,1,0,background,False,Background.cbor.5s81qm3u.ingestion-7d97fcc65d-655sb_chunk0.wav.5usb1mnp.ingestion-6598c7946d-dvgwh.wav,A
2-000067-A-0.wav,2,0,background,False,Background.cbor.5s58t35c.ingestion-6d4bc445b6-dzrkj_chunk1.wav.5usb0oh8.ingestion-6598c7946d-h6mqm.wav,A
3-000068-A-0.wav,3,0,background,False,Background.cbor.5s81ot38.ingestion-7d97fcc65d-lkmjc_chunk0.wav.5usb1lks.ingestion-6598c7946d-h6mqm.wav,A
4-000069-A-0.wav,4,0,background,False,Background.cbor.5s80jfua.ingestion-7d97fcc65d-655sb_chunk2.wav.5usb1hh3.ingestion-6598c7946d-dvgwh.wav,A
5-000070-A-0.wav,5,0,background,False,Background.cbor.5s80jfua.ingestion-7d97fcc65d-655sb_chunk1.wav.5usb1hfh.ingestion-6598c7946d-tz468.wav,A
1-000071-A-0.wav,1,0,background,False,Background.cbor.5s81afvo.ingestion-7d97fcc65d-655sb_chunk1.wav.5usb1kuf.ingestion-6598c7946d-dvgwh.wav,A
2-000072-A-0.wav,2,0,background,False,Background.cbor.5s5b36jv.ingestion-6d4bc445b6-dzrkj_chunk4.wav.5usb1fas.ingestion-6598c7946d-tz468.wav,A
3-000073-A-0.wav,3,0,background,False,Background.cbor.5s5anok3.ingestion-6d4bc445b6-f9kz2_chunk3.wav.5usb1bkb.ingestion-6598c7946d-h6mqm.wav,A
4-000074-A-0.wav,4,0,background,False,Background.cbor.5s80jfua.ingestion-7d97fcc65d-655sb_chunk3.wav.5usb1hlu.ingestion-6598c7946d-h6mqm.wav,A
5-000075-A-0.wav,5,0,background,False,Background.cbor.5s57966d.ingestion-6d4bc445b6-rr4b8_chunk1.wav.5usb08oh.ingestion-6598c7946d-dvgwh.wav,A
1-000076-A-0.wav,1,0,background,False,Background.cbor.5s5738uc.ingestion-6d4bc445b6-rr4b8_chunk4.wav.5usb0647.ingestion-6598c7946d-h6mqm.wav,A
2-000077-A-0.wav,2,0,background,False,Background.cbor.5s81so7i.ingestion-7d97fcc65d-nqk77_chunk0.wav.5usb1ntp.ingestion-6598c7946d-h6mqm.wav,A
3-000078-A-0.wav,3,0,background,False,Background.cbor.5s815p7m.ingestion-7d97fcc65d-655sb_chunk4.wav.5usb1kop.ingestion-6598c7946d-dvgwh.wav,A
4-000079-A-0.wav,4,0,background,False,Background.cbor.5s80lq1o.ingestion-7d97fcc65d-lkmjc.s1_chunk3.wav.5usb1j4s.ingestion-6598c7946d-h6mqm.wav,A
5-000080-A-0.wav,5,0,background,False,Background.cbor.5s5ajuvj.ingestion-6d4bc445b6-f9kz2_chunk1.wav.5usb18ua.ingestion-6598c7946d-dvgwh.wav,A
1-000081-A-0.wav,1,0,background,False,Background.cbor.5s5b2jbr.ingestion-6d4bc445b6-f9kz2_chunk4.wav.5usb1ep2.ingestion-6598c7946d-dvgwh.wav,A
2-000082-A-0.wav,2,0,background,False,Background.cbor.5s5b7s9i.ingestion-6d4bc445b6-f9kz2_chunk4.wav.5usb1he7.ingestion-6598c7946d-dvgwh.wav,A
3-000083-A-0.wav,3,0,background,False,Background.cbor.5s5a1iap.ingestion-6d4bc445b6-f9kz2_chunk2.wav.5usb14o4.ingestion-6598c7946d-dvgwh.wav,A
4-000084-A-0.wav,4,0,background,False,Background.cbor.5s5b3tqn.ingestion-6d4bc445b6-dzrkj_chunk2.wav.5usb1fbj.ingestion-6598c7946d-tz468.wav,A
5-000085-A-0.wav,5,0,background,False,Background.cbor.5s81pe1o.ingestion-7d97fcc65d-lkmjc_chunk3.wav.5usb1m7s.ingestion-6598c7946d-h6mqm.wav,A
1-000086-A-0.wav,1,0,background,False,Background.cbor.5s5af4tr.ingestion-6d4bc445b6-f9kz2_chunk4.wav.5usb17dj.ingestion-6598c7946d-dvgwh.wav,A
2-000087-A-0.wav,2,0,background,False,Background.cbor.5s810opo.ingestion-7d97fcc65d-lkmjc_chunk2.wav.5usb1jba.ingestion-6598c7946d-dvgwh.wav,A
3-000088-A-0.wav,3,0,background,False,Background.cbor.5s81afvo.ingestion-7d97fcc65d-655sb_chunk2.wav.5usb1kv0.ingestion-6598c7946d-tz468.wav,A
4-000089-A-0.wav,4,0,background,False,Background.cbor.5s80k542.ingestion-7d97fcc65d-655sb_chunk2.wav.5usb1i4f.ingestion-6598c7946d-tz468.wav,A
5-000090-A-0.wav,5,0,background,False,Background.cbor.5s5b7s9i.ingestion-6d4bc445b6-f9kz2_chunk1.wav.5usb1gud.ingestion-6598c7946d-tz468.wav,A
1-000091-A-0.wav,1,0,background,False,Background.cbor.5s81o7ae.ingestion-7d97fcc65d-lkmjc_chunk1.wav.5usb1l7m.ingestion-6598c7946d-dvgwh.wav,A
2-000092-A-0.wav,2,0,background,False,Background.cbor.5s81afvo.ingestion-7d97fcc65d-655sb_chunk0.wav.5usb1ktr.ingestion-6598c7946d-h6mqm.wav,A
3-000093-A-0.wav,3,0,background,False,Background.cbor.5s58t35c.ingestion-6d4bc445b6-dzrkj_chunk4.wav.5usb0onp.ingestion-6598c7946d-h6mqm.wav,A
4-000094-A-0.wav,4,0,background,False,Background.cbor.5s81so7i.ingestion-7d97fcc65d-nqk77_chunk3.wav.5usb1nu6.ingestion-6598c7946d-h6mqm.wav,A
5-000095-A-0.wav,5,0,background,False,Background.cbor.5s81s3n7.ingestion-7d97fcc65d-655sb_chunk1.wav.5usb1no5.ingestion-6598c7946d-dvgwh.wav,A
1-000096-A-0.wav,1,0,background,False,Background.cbor.5s5an77p.ingestion-6d4bc445b6-f9kz2_chunk1.wav.5usb1av2.ingestion-6598c7946d-dvgwh.wav,A
2-000097-A-0.wav,2,0,background,False,Background.cbor.5s81s3n7.ingestion-7d97fcc65d-655sb_chunk0.wav.5usb1nho.ingestion-6598c7946d-h6mqm.wav,A
3-000098-A-0.wav,3,0,background,False,Background.cbor.5s5ajeur.ingestion-6d4bc445b6-rr4b8_chunk2.wav.5usb18nj.ingestion-6598c7946d-tz468.wav,A
4-000099-A-0.wav,4,0,background,False,Background.cbor.5s5an77p.ingestion-6d4bc445b6-f9kz2_chunk4.wav.5usb1bb8.ingestion-6598c7946d-dvgwh.wav,A
5-000100-A-0.wav,5,0,background,False,Background.cbor.5s81q5i1.ingestion-7d97fcc65d-nqk77_chunk3.wav.5usb1meh.ingestion-6598c7946d-tz468.wav,A
1-000101-A-0.wav,1,0,background,False,Background.cbor.5s5b6s8j.ingestion-6d4bc445b6-dzrkj_chunk2.wav.5usb1gr1.ingestion-6598c7946d-tz468.wav,A
2-000102-A-0.wav,2,0,background,False,Background.cbor.5s81ot38.ingestion-7d97fcc65d-lkmjc_chunk3.wav.5usb1ll1.ingestion-6598c7946d-h6mqm.wav,A
3-000103-A-0.wav,3,0,background,False,Background.cbor.5s5akev7.ingestion-6d4bc445b6-rr4b8_chunk4.wav.5usb19d2.ingestion-6598c7946d-h6mqm.wav,A
4-000104-A-0.wav,4,0,background,False,Background.cbor.5s58rg3v.ingestion-6d4bc445b6-dzrkj_chunk3.wav.5usb0nnf.ingestion-6598c7946d-h6mqm.wav,A
5-000105-A-0.wav,5,0,background,False,Background.cbor.5s81vdgp.ingestion-7d97fcc65d-nqk77_chunk1.wav.5usb1p8q.ingestion-6598c7946d-tz468.wav,A
1-000106-A-0.wav,1,0,background,False,Background.cbor.5s80jfua.ingestion-7d97fcc65d-655sb_chunk0.wav.5usb1hef.ingestion-6598c7946d-h6mqm.wav,A
2-000107-A-0.wav,2,0,background,False,Background.cbor.5s5adn07.ingestion-6d4bc445b6-dzrkj_chunk4.wav.5usb174l.ingestion-6598c7946d-h6mqm.wav,A
3-000108-A-0.wav,3,0,background,False,Background.cbor.5s81q5i1.ingestion-7d97fcc65d-nqk77_chunk4.wav.5usb1meo.ingestion-6598c7946d-dvgwh.wav,A
4-000109-A-0.wav,4,0,background,False,Background.cbor.5s5b36jv.ingestion-6d4bc445b6-dzrkj_chunk2.wav.5usb1f4m.ingestion-6598c7946d-tz468.wav,A
5-000110-A-0.wav,5,0,background,False,Background.cbor.5s57000n.ingestion-6d4bc445b6-rr4b8_chunk1.wav.5usb03kf.ingestion-6598c7946d-h6mqm.wav,A
1-000111-A-0.wav,1,0,background,False,Background.cbor.5s5b3tqn.ingestion-6d4bc445b6-dzrkj_chunk1.wav.5usb1fba.ingestion-6598c7946d-h6mqm.wav,A
2-000112-A-0.wav,2,0,background,False,Background.cbor.5s58silh.ingestion-6d4bc445b6-rr4b8_chunk0.wav.5usb0o4u.ingestion-6598c7946d-dvgwh.wav,A
3-000113-A-0.wav,3,0,background,False,Background.cbor.5s81teel.ingestion-7d97fcc65d-655sb_chunk2.wav.5usb1ob0.ingestion-6598c7946d-tz468.wav,A
4-000114-A-0.wav,4,0,background,False,Background.cbor.5s5b2jbr.ingestion-6d4bc445b6-f9kz2_chunk1.wav.5usb1ee7.ingestion-6598c7946d-h6mqm.wav,A
5-000115-A-0.wav,5,0,background,False,Background.cbor.5s5b2jbr.ingestion-6d4bc445b6-f9kz2_chunk0.wav.5usb1far.ingestion-6598c7946d-dvgwh.wav,A
1-000116-A-0.wav,1,0,background,False,Background.cbor.5s81rbpk.ingestion-7d97fcc65d-655sb_chunk0.wav.5usb1nb0.ingestion-6598c7946d-dvgwh.wav,A
2-000117-A-0.wav,2,0,background,False,Background.cbor.5s80kr30.ingestion-7d97fcc65d-nqk77_chunk2.wav.5usb1idr.ingestion-6598c7946d-h6mqm.wav,A
3-000118-A-0.wav,3,0,background,False,Background.cbor.5s81q5i1.ingestion-7d97fcc65d-nqk77_chunk2.wav.5usb1me1.ingestion-6598c7946d-h6mqm.wav,A
4-000119-A-0.wav,4,0,background,False,Background.cbor.5s8200nj.ingestion-7d97fcc65d-nqk77_chunk3.wav.5usb1pnj.ingestion-6598c7946d-h6mqm.wav,A
5-000120-A-0.wav,5,0,background,False,Background.cbor.5s81o7ae.ingestion-7d97fcc65d-lkmjc_chunk2.wav.5usb1l7o.ingestion-6598c7946d-h6mqm.wav,A
1-000121-A-0.wav,1,0,background,False,Background.cbor.5s81ot38.ingestion-7d97fcc65d-lkmjc_chunk2.wav.5usb1lkb.ingestion-6598c7946d-tz468.wav,A
2-000122-A-0.wav,2,0,background,False,Background.cbor.5s5an77p.ingestion-6d4bc445b6-f9kz2_chunk0.wav.5usb1au6.ingestion-6598c7946d-tz468.wav,A
3-000123-A-0.wav,3,0,background,False,Background.cbor.5s5b7s9i.ingestion-6d4bc445b6-f9kz2_chunk0.wav.5usb1gue.ingestion-6598c7946d-dvgwh.wav,A
4-000124-A-0.wav,4,0,background,False,Background.cbor.5s58tmo3.ingestion-6d4bc445b6-f9kz2_chunk0.wav.5usb0otq.ingestion-6598c7946d-tz468.wav,A
5-000125-A-0.wav,5,0,background,False,Background.cbor.5s5aa0l0.ingestion-6d4bc445b6-dzrkj_chunk4.wav.5usb15ri.ingestion-6598c7946d-h6mqm.wav,A
1-000126-A-0.wav,1,0,background,False,Background.cbor.5s80vrid.ingestion-7d97fcc65d-nqk77_chunk1.wav.5usb1j5e.ingestion-6598c7946d-h6mqm.wav,A
2-000127-A-0.wav,2,0,background,False,Background.cbor.5s81nko8.ingestion-7d97fcc65d-lkmjc_chunk3.wav.5usb1kv3.ingestion-6598c7946d-dvgwh.wav,A
3-000128-A-0.wav,3,0,background,False,Background.cbor.5s81vdgp.ingestion-7d97fcc65d-nqk77_chunk4.wav.5usb1phc.ingestion-6598c7946d-dvgwh.wav,A
4-000129-A-0.wav,4,0,background,False,Background.cbor.5s58uq8h.ingestion-6d4bc445b6-dzrkj_chunk1.wav.5usb0q1c.ingestion-6598c7946d-tz468.wav,A
5-000130-A-0.wav,5,0,background,False,Background.cbor.5s57966d.ingestion-6d4bc445b6-rr4b8_chunk0.wav.5usb08ni.ingestion-6598c7946d-tz468.wav,A
1-000131-A-0.wav,1,0,background,False,Background.cbor.5s5ajuvj.ingestion-6d4bc445b6-f9kz2_chunk4.wav.5usb194g.ingestion-6598c7946d-h6mqm.wav,A
2-000132-A-0.wav,2,0,background,False,Background.cbor.5s5af4tr.ingestion-6d4bc445b6-f9kz2_chunk2.wav.5usb17at.ingestion-6598c7946d-h6mqm.wav,A
3-000133-A-0.wav,3,0,background,False,Background.cbor.5s5aq37b.ingestion-6d4bc445b6-f9kz2_chunk4.wav.5usb1cbj.ingestion-6598c7946d-dvgwh.wav,A
4-000134-A-0.wav,4,0,background,False,Background.cbor.5s5atgqq.ingestion-6d4bc445b6-f9kz2_chunk3.wav.5usb1dko.ingestion-6598c7946d-h6mqm.wav,A
5-000135-A-0.wav,5,0,background,False,Background.cbor.5s58u6bs.ingestion-6d4bc445b6-rr4b8_chunk4.wav.5usb0phk.ingestion-6598c7946d-tz468.wav,A
1-000136-A-0.wav,1,0,background,False,Background.cbor.5s5asuju.ingestion-6d4bc445b6-dzrkj_chunk3.wav.5usb1d8d.ingestion-6598c7946d-tz468.wav,A
2-000137-A-0.wav,2,0,background,False,Background.cbor.5s5b6s8j.ingestion-6d4bc445b6-dzrkj_chunk3.wav.5usb1gr0.ingestion-6598c7946d-dvgwh.wav,A
3-000138-A-0.wav,3,0,background,False,Background.cbor.5s81q5i1.ingestion-7d97fcc65d-nqk77_chunk1.wav.5usb1mep.ingestion-6598c7946d-dvgwh.wav,A
4-000139-A-0.wav,4,0,background,False,Background.cbor.5s81pe1o.ingestion-7d97fcc65d-lkmjc_chunk0.wav.5usb1lqt.ingestion-6598c7946d-dvgwh.wav,A
5-000140-A-0.wav,5,0,background,False,Background.cbor.5s58qeki.ingestion-6d4bc445b6-f9kz2_chunk3.wav.5usb0n4h.ingestion-6598c7946d-h6mqm.wav,A
1-000141-A-0.wav,1,0,background,False,Background.cbor.5s81so7i.ingestion-7d97fcc65d-nqk77_chunk4.wav.5usb1o4b.ingestion-6598c7946d-tz468.wav,A
2-000142-A-0.wav,2,0,background,False,Background.cbor.5s81u5sj.ingestion-7d97fcc65d-lkmjc_chunk4.wav.5usb1p8a.ingestion-6598c7946d-tz468.wav,A
3-000143-A-0.wav,3,0,background,False,Background.cbor.5s5akvgv.ingestion-6d4bc445b6-rr4b8_chunk2.wav.5usb19id.ingestion-6598c7946d-tz468.wav,A
4-000144-A-0.wav,4,0,background,False,Background.cbor.5s5ahbdt.ingestion-6d4bc445b6-dzrkj_chunk1.wav.5usb17ns.ingestion-6598c7946d-h6mqm.wav,A
5-000145-A-0.wav,5,0,background,False,Background.cbor.5s81o7ae.ingestion-7d97fcc65d-lkmjc_chunk4.wav.5usb1lka.ingestion-6598c7946d-dvgwh.wav,A
1-000146-A-0.wav,1,0,background,False,Background.cbor.5s578f69.ingestion-6d4bc445b6-f9kz2_chunk3.wav.5usb08ar.ingestion-6598c7946d-tz468.wav,A
2-000147-A-0.wav,2,0,background,False,Background.cbor.5s5adn07.ingestion-6d4bc445b6-dzrkj_chunk0.wav.5usb16od.ingestion-6598c7946d-tz468.wav,A
3-000148-A-0.wav,3,0,background,False,Background.cbor.5s5asuju.ingestion-6d4bc445b6-dzrkj_chunk0.wav.5usb1d7p.ingestion-6598c7946d-tz468.wav,A
4-000149-A-0.wav,4,0,background,False,Background.cbor.5s5akvgv.ingestion-6d4bc445b6-rr4b8_chunk3.wav.5usb19oj.ingestion-6598c7946d-dvgwh.wav,A
5-000150-A-0.wav,5,0,background,False,Background.cbor.5s810opo.ingestion-7d97fcc65d-lkmjc_chunk0.wav.5usb1jb6.ingestion-6598c7946d-h6mqm.wav,A
1-000151-A-0.wav,1,0,background,False,Background.cbor.5s57966d.ingestion-6d4bc445b6-rr4b8_chunk2.wav.5usb08u3.ingestion-6598c7946d-h6mqm.wav,A
2-000152-A-0.wav,2,0,background,False,Background.cbor.5s5b1os1.ingestion-6d4bc445b6-dzrkj_chunk2.wav.5usb1edv.ingestion-6598c7946d-tz468.wav,A
3-000153-A-0.wav,3,0,background,False,Background.cbor.5s58silh.ingestion-6d4bc445b6-rr4b8_chunk3.wav.5usb0ob0.ingestion-6598c7946d-h6mqm.wav,A
4-000154-A-0.wav,4,0,background,False,Background.cbor.5s80lq1o.ingestion-7d97fcc65d-lkmjc.s1_chunk2.wav.5usb1ikg.ingestion-6598c7946d-dvgwh.wav,A
5-000155-A-0.wav,5,0,background,False,Background.cbor.5s5b6s8j.ingestion-6d4bc445b6-dzrkj_chunk4.wav.5usb1gub.ingestion-6598c7946d-h6mqm.wav,A
1-000156-A-0.wav,1,0,background,False,Background.cbor.5s5738uc.ingestion-6d4bc445b6-rr4b8_chunk0.wav.5usb05qs.ingestion-6598c7946d-dvgwh.wav,A
2-000157-A-0.wav,2,0,background,False,Background.cbor.5s5ajuvj.ingestion-6d4bc445b6-f9kz2_chunk3.wav.5usb18u4.ingestion-6598c7946d-tz468.wav,A
3-000158-A-0.wav,3,0,background,False,Background.cbor.5s81so7i.ingestion-7d97fcc65d-nqk77_chunk2.wav.5usb1nu7.ingestion-6598c7946d-dvgwh.wav,A
4-000159-A-0.wav,4,0,background,False,Background.cbor.5s5aq37b.ingestion-6d4bc445b6-f9kz2_chunk2.wav.5usb1cb1.ingestion-6598c7946d-h6mqm.wav,A
5-000160-A-0.wav,5,0,background,False,Background.cbor.5s5arpej.ingestion-6d4bc445b6-dzrkj_chunk1.wav.5usb1ch3.ingestion-6598c7946d-tz468.wav,A
1-000161-A-0.wav,1,0,background,False,Background.cbor.5s58qeki.ingestion-6d4bc445b6-f9kz2_chunk2.wav.5usb0n4e.ingestion-6598c7946d-dvgwh.wav,A
2-000162-A-0.wav,2,0,background,False,Background.cbor.5s5b1os1.ingestion-6d4bc445b6-dzrkj_chunk4.wav.5usb1eem.ingestion-6598c7946d-tz468.wav,A
3-000163-A-0.wav,3,0,background,False,Background.cbor.5s81teel.ingestion-7d97fcc65d-655sb_chunk1.wav.5usb1oat.ingestion-6598c7946d-h6mqm.wav,A
4-000164-A-0.wav,4,0,background,False,Background.cbor.5s81vdgp.ingestion-7d97fcc65d-nqk77_chunk0.wav.5usb1p8a.ingestion-6598c7946d-h6mqm.wav,A
5-000165-A-0.wav,5,0,background,False,Background.cbor.5s5anok3.ingestion-6d4bc445b6-f9kz2_chunk4.wav.5usb1bnj.ingestion-6598c7946d-tz468.wav,A
1-000166-A-0.wav,1,0,background,False,Background.cbor.5s81teel.ingestion-7d97fcc65d-655sb_chunk0.wav.5usb1oat.ingestion-6598c7946d-dvgwh.wav,A
2-000167-A-0.wav,2,0,background,False,Background.cbor.5s58u6bs.ingestion-6d4bc445b6-rr4b8_chunk1.wav.5usb0pas.ingestion-6598c7946d-tz468.wav,A
3-000168-A-0.wav,3,0,background,False,Background.cbor.5s81qm3u.ingestion-7d97fcc65d-655sb_chunk1.wav.5usb1mnm.ingestion-6598c7946d-h6mqm.wav,A
4-000169-A-0.wav,4,0,background,False,Background.cbor.5s5ap6rm.ingestion-6d4bc445b6-f9kz2_chunk4.wav.5usb1btn.ingestion-6598c7946d-h6mqm.wav,A
5-000170-A-0.wav,5,0,background,False,Background.cbor.5s81u5sj.ingestion-7d97fcc65d-lkmjc_chunk3.wav.5usb1p8a.ingestion-6598c7946d-dvgwh.wav,A
1-000171-A-0.wav,1,0,background,False,Background.cbor.5s58u6bs.ingestion-6d4bc445b6-rr4b8_chunk2.wav.5usb0pat.ingestion-6598c7946d-dvgwh.wav,A
2-000172-A-0.wav,2,0,background,False,Background.cbor.5s56s41a.ingestion-6d4bc445b6-dzrkj_chunk3.wav.5usb04qs.ingestion-6598c7946d-h6mqm.wav,A
3-000173-A-0.wav,3,0,background,False,Background.cbor.5s5akev7.ingestion-6d4bc445b6-rr4b8_chunk3.wav.5usb19cj.ingestion-6598c7946d-h6mqm.wav,A
4-000174-A-0.wav,4,0,background,False,Background.cbor.5s81nko8.ingestion-7d97fcc65d-lkmjc_chunk4.wav.5usb1kut.ingestion-6598c7946d-h6mqm.wav,A
5-000175-A-0.wav,5,0,background,False,Background.cbor.5s5b6s8j.ingestion-6d4bc445b6-dzrkj_chunk1.wav.5usb1gqt.ingestion-6598c7946d-h6mqm.wav,A
1-000176-A-0.wav,1,0,background,False,Background.cbor.5s5ag27v.ingestion-6d4bc445b6-rr4b8_chunk1.wav.5usb17nt.ingestion-6598c7946d-tz468.wav,A
2-000177-A-0.wav,2,0,background,False,Background.cbor.5s5b4lcb.ingestion-6d4bc445b6-dzrkj_chunk4.wav.5usb1g0u.ingestion-6598c7946d-dvgwh.wav,A
3-000178-A-0.wav,3,0,background,False,Background.cbor.5s81u5sj.ingestion-7d97fcc65d-lkmjc_chunk2.wav.5usb1p7n.ingestion-6598c7946d-h6mqm.wav,A
4-000179-A-0.wav,4,0,background,False,Background.cbor.5s81q5i1.ingestion-7d97fcc65d-nqk77_chunk0.wav.5usb1mee.ingestion-6598c7946d-tz468.wav,A
5-000180-A-0.wav,5,0,background,False,Background.cbor.5s5adn07.ingestion-6d4bc445b6-dzrkj_chunk3.wav.5usb1749.ingestion-6598c7946d-h6mqm.wav,A
1-000181-A-0.wav,1,0,background,False,Background.cbor.5s815p7m.ingestion-7d97fcc65d-655sb_chunk2.wav.5usb1knt.ingestion-6598c7946d-tz468.wav,A
2-000182-A-0.wav,2,0,background,False,Background.cbor.5s8200nj.ingestion-7d97fcc65d-nqk77_chunk2.wav.5usb1pi5.ingestion-6598c7946d-dvgwh.wav,A
3-000183-A-0.wav,3,0,background,False,Background.cbor.5s81o7ae.ingestion-7d97fcc65d-lkmjc_chunk3.wav.5usb1l7q.ingestion-6598c7946d-tz468.wav,A
4-000184-A-0.wav,4,0,background,False,Background.cbor.5s80k542.ingestion-7d97fcc65d-655sb_chunk1.wav.5usb1i1q.ingestion-6598c7946d-h6mqm.wav,A
5-000185-A-0.wav,5,0,background,False,Background.cbor.5s5ahbdt.ingestion-6d4bc445b6-dzrkj_chunk2.wav.5usb17nt.ingestion-6598c7946d-dvgwh.wav,A
1-000186-A-0.wav,1,0,background,False,Background.cbor.5s5ag27v.ingestion-6d4bc445b6-rr4b8_chunk0.wav.5usb17u5.ingestion-6598c7946d-dvgwh.wav,A
2-000187-A-0.wav,2,0,background,False,Background.cbor.5s58qeki.ingestion-6d4bc445b6-f9kz2_chunk0.wav.5usb0n10.ingestion-6598c7946d-h6mqm.wav,A
3-000188-A-0.wav,3,0,background,False,Background.cbor.5s57000n.ingestion-6d4bc445b6-rr4b8_chunk4.wav.5usb04kd.ingestion-6598c7946d-h6mqm.wav,A
4-000189-A-0.wav,4,0,background,False,Background.cbor.5s570pn1.ingestion-6d4bc445b6-dzrkj_chunk2.wav.5usb057a.ingestion-6598c7946d-h6mqm.wav,A
5-000190-A-0.wav,5,0,background,False,Background.cbor.5s5b5oko.ingestion-6d4bc445b6-dzrkj_chunk0.wav.5usb1g14.ingestion-6598c7946d-h6mqm.wav,A
1-000191-A-0.wav,1,0,background,False,Background.cbor.5s81o7ae.ingestion-7d97fcc65d-lkmjc_chunk0.wav.5usb1l49.ingestion-6598c7946d-tz468.wav,A
2-000192-A-0.wav,2,0,background,False,Background.cbor.5s58pq6v.ingestion-6d4bc445b6-dzrkj_chunk3.wav.5usb0mko.ingestion-6598c7946d-h6mqm.wav,A
3-000193-A-0.wav,3,0,background,False,Background.cbor.5s80vrid.ingestion-7d97fcc65d-nqk77_chunk0.wav.5usb1j4t.ingestion-6598c7946d-tz468.wav,A
4-000194-A-0.wav,4,0,background,False,Background.cbor.5s8200nj.ingestion-7d97fcc65d-nqk77_chunk1.wav.5usb1phd.ingestion-6598c7946d-tz468.wav,A
5-000195-A-0.wav,5,0,background,False,Background.cbor.5s81qm3u.ingestion-7d97fcc65d-655sb_chunk2.wav.5usb1mns.ingestion-6598c7946d-tz468.wav,A
1-000196-A-0.wav,1,0,background,False,Background.cbor.5s58rg3v.ingestion-6d4bc445b6-dzrkj_chunk1.wav.5usb0nnv.ingestion-6598c7946d-tz468.wav,A
2-000197-A-0.wav,2,0,background,False,Background.cbor.5s81teel.ingestion-7d97fcc65d-655sb_chunk3.wav.5usb1oh7.ingestion-6598c7946d-dvgwh.wav,A
3-000198-A-0.wav,3,0,background,False,Background.cbor.5s58tmo3.ingestion-6d4bc445b6-f9kz2_chunk2.wav.5usb0p16.ingestion-6598c7946d-dvgwh.wav,A
4-000199-A-0.wav,4,0,background,False,Background.cbor.5s5ahbdt.ingestion-6d4bc445b6-dzrkj_chunk0.wav.5usb18h9.ingestion-6598c7946d-h6mqm.wav,A
5-000200-A-0.wav,5,0,background,False,Background.cbor.5s5ajeur.ingestion-6d4bc445b6-rr4b8_chunk1.wav.5usb17un.ingestion-6598c7946d-dvgwh.wav,A
1-000201-A-0.wav,1,0,background,False,Background.cbor.5s5akev7.ingestion-6d4bc445b6-rr4b8_chunk2.wav.5usb19d8.ingestion-6598c7946d-dvgwh.wav,A
2-000202-A-0.wav,2,0,background,False,Background.cbor.5s81teel.ingestion-7d97fcc65d-655sb_chunk4.wav.5usb1oic.ingestion-6598c7946d-h6mqm.wav,A
3-000203-A-0.wav,3,0,background,False,Background.cbor.5s57000n.ingestion-6d4bc445b6-rr4b8_chunk3.wav.5usb04en.ingestion-6598c7946d-tz468.wav,A
4-000204-A-0.wav,4,0,background,False,Background.cbor.5s58s2f8.ingestion-6d4bc445b6-f9kz2_chunk1.wav.5usb0nto.ingestion-6598c7946d-dvgwh.wav,A
5-000205-A-0.wav,5,0,background,False,Background.cbor.5s81pe1o.ingestion-7d97fcc65d-lkmjc_chunk2.wav.5usb1m7j.ingestion-6598c7946d-tz468.wav,A
1-000206-A-1.wav,1,1,glass_break,False,Glass_Breaking.glass.cbor.5scfp6j0.ingestion-746595cf47-7bncz_chunk4.wav.5uscie1t.ingestion-6598c7946d-tz468.wav,A
2-000207-A-1.wav,2,1,glass_break,False,Glass_Breaking.glass.cbor.5s495l9f.ingestion-6d4bc445b6-dzrkj_chunk2.wav.5usci8nv.ingestion-6598c7946d-tz468.wav,A
3-000208-A-1.wav,3,1,glass_break,False,Glass_Breaking.glass.cbor.5sceromj.ingestion-746595cf47-xcdm8_chunk0.wav.5uscic8g.ingestion-6598c7946d-h6mqm.wav,A
4-000209-A-1.wav,4,1,glass_break,False,Glass_Breaking.glass.cbor.5scfodat.ingestion-746595cf47-xcdm8_chunk2.wav.5uscidrk.ingestion-6598c7946d-h6mqm.wav,A
5-000210-A-1.wav,5,1,glass_break,False,Glass_Breaking.glass.cbor.5s49db04.ingestion-6d4bc445b6-rr4b8_chunk1.wav.5usci8lg.ingestion-6598c7946d-tz468.wav,A
1-000211-A-1.wav,1,1,glass_break,False,Glass_Breaking.glass.cbor.5s4ti7j0.ingestion-6d4bc445b6-f9kz2_chunk2.wav.5usciaot.ingestion-6598c7946d-h6mqm.wav,A
2-000212-A-1.wav,2,1,glass_break,False,Glass_Breaking.glass.cbor.5s4q9oum.ingestion-6d4bc445b6-rr4b8_chunk3.wav.5usci9k7.ingestion-6598c7946d-dvgwh.wav,A
3-000213-A-1.wav,3,1,glass_break,False,Glass_Breaking.glass.cbor.5s485rih.ingestion-6d4bc445b6-f9kz2_chunk0.wav.5usci8le.ingestion-6598c7946d-h6mqm.wav,A
4-000214-A-1.wav,4,1,glass_break,False,Glass_Breaking.glass.cbor.5s4t65r2.ingestion-6d4bc445b6-rr4b8_chunk2.wav.5usciaen.ingestion-6598c7946d-h6mqm.wav,A
5-000215-A-1.wav,5,1,glass_break,False,Glass_Breaking.glass.cbor.5s4u86a7.ingestion-6d4bc445b6-dzrkj_chunk2.wav.5usciapn.ingestion-6598c7946d-dvgwh.wav,A
1-000216-A-1.wav,1,1,glass_break,False,Glass_Breaking.glass.cbor.5sce6m0o.ingestion-746595cf47-jxpwt_chunk3.wav.5uscib99.ingestion-6598c7946d-tz468.wav,A
2-000217-A-1.wav,2,1,glass_break,False,Glass_Breaking.glass.cbor.5scei94p.ingestion-746595cf47-7bncz_chunk3.wav.5uscibcc.ingestion-6598c7946d-h6mqm.wav,A
3-000218-A-1.wav,3,1,glass_break,False,Glass_Breaking.glass.cbor.5s4us499.ingestion-6d4bc445b6-dzrkj_chunk2.wav.5usciaqv.ingestion-6598c7946d-dvgwh.wav,A
4-000219-A-1.wav,4,1,glass_break,False,Glass_Breaking.glass.cbor.5s4ab01k.ingestion-6d4bc445b6-dzrkj_chunk2.wav.5usci8r8.ingestion-6598c7946d-h6mqm.wav,A
5-000220-A-1.wav,5,1,glass_break,False,Glass_Breaking.glass.cbor.5scfat00.ingestion-746595cf47-jxpwt_chunk1.wav.5uscid2j.ingestion-6598c7946d-tz468.wav,A
1-000221-A-1.wav,1,1,glass_break,False,Glass_Breaking.glass.cbor.5scfkkq6.ingestion-746595cf47-jxpwt_chunk1.wav.5uscidma.ingestion-6598c7946d-dvgwh.wav,A
2-000222-A-1.wav,2,1,glass_break,False,Glass_Breaking.glass.cbor.5sce4ph1.ingestion-746595cf47-7bncz_chunk1.wav.5uscib8a.ingestion-6598c7946d-dvgwh.wav,A
3-000223-A-1.wav,3,1,glass_break,False,Glass_Breaking.glass.cbor.5s4qdte5.ingestion-6d4bc445b6-dzrkj_chunk2.wav.5usci9n5.ingestion-6598c7946d-dvgwh.wav,A
4-000224-A-1.wav,4,1,glass_break,False,Glass_Breaking.glass.cbor.5scekht4.ingestion-746595cf47-xcdm8_chunk2.wav.5uscibtj.ingestion-6598c7946d-h6mqm.wav,A
5-000225-A-1.wav,5,1,glass_break,False,Glass_Breaking.glass.cbor.5sceromj.ingestion-746595cf47-xcdm8_chunk1.wav.5uscic8k.ingestion-6598c7946d-tz468.wav,A
1-000226-A-1.wav,1,1,glass_break,False,Glass_Breaking.glass.cbor.5s4qn7na.ingestion-6d4bc445b6-dzrkj_chunk1.wav.5usci9i2.ingestion-6598c7946d-h6mqm.wav,A
2-000227-A-1.wav,2,1,glass_break,False,Glass_Breaking.glass.cbor.5scfh296.ingestion-746595cf47-7bncz_chunk3.wav.5uscidem.ingestion-6598c7946d-tz468.wav,A
3-000228-A-1.wav,3,1,glass_break,False,Glass_Breaking.glass.cbor.5sceult0.ingestion-746595cf47-xcdm8_chunk0.wav.5uscickt.ingestion-6598c7946d-h6mqm.wav,A
4-000229-A-1.wav,4,1,glass_break,False,Glass_Breaking.glass.cbor.5s4ror8n.ingestion-6d4bc445b6-f9kz2_chunk4.wav.5usci9up.ingestion-6598c7946d-h6mqm.wav,A
5-000230-A-1.wav,5,1,glass_break,False,Glass_Breaking.glass.cbor.5s4925ag.ingestion-6d4bc445b6-rr4b8_chunk4.wav.5usci8lr.ingestion-6598c7946d-h6mqm.wav,A
1-000231-A-1.wav,1,1,glass_break,False,Glass_Breaking.glass.cbor.5sce4ph1.ingestion-746595cf47-7bncz_chunk2.wav.5uscib8q.ingestion-6598c7946d-tz468.wav,A
2-000232-A-1.wav,2,1,glass_break,False,Glass_Breaking.glass.cbor.5sceult0.ingestion-746595cf47-xcdm8_chunk3.wav.5uscicl5.ingestion-6598c7946d-dvgwh.wav,A
3-000233-A-1.wav,3,1,glass_break,False,Glass_Breaking.glass.cbor.5scfii3e.ingestion-746595cf47-xcdm8_chunk1.wav.5uscidlc.ingestion-6598c7946d-dvgwh.wav,A
4-000234-A-1.wav,4,1,glass_break,False,Glass_Breaking.glass.cbor.5s4qdte5.ingestion-6d4bc445b6-dzrkj_chunk1.wav.5usci9gn.ingestion-6598c7946d-tz468.wav,A
5-000235-A-1.wav,5,1,glass_break,False,Glass_Breaking.glass.cbor.5scfl8jk.ingestion-746595cf47-xcdm8_chunk2.wav.5uscidmq.ingestion-6598c7946d-h6mqm.wav,A
1-000236-A-1.wav,1,1,glass_break,False,Glass_Breaking.glass.cbor.5s4q9oum.ingestion-6d4bc445b6-rr4b8_chunk0.wav.5usci9b2.ingestion-6598c7946d-dvgwh.wav,A
2-000237-A-1.wav,2,1,glass_break,False,Glass_Breaking.glass.cbor.5scf1hhg.ingestion-746595cf47-jxpwt_chunk4.wav.5usciclq.ingestion-6598c7946d-h6mqm.wav,A
3-000238-A-1.wav,3,1,glass_break,False,Glass_Breaking.glass.cbor.5scf28rs.ingestion-746595cf47-jxpwt_chunk3.wav.5uscico0.ingestion-6598c7946d-dvgwh.wav,A
4-000239-A-1.wav,4,1,glass_break,False,Glass_Breaking.glass.cbor.5scejuag.ingestion-746595cf47-7bncz_chunk4.wav.5uscibsr.ingestion-6598c7946d-h6mqm.wav,A
5-000240-A-1.wav,5,1,glass_break,False,Glass_Breaking.glass.cbor.5scfdo6h.ingestion-746595cf47-jxpwt_chunk2.wav.5uscid33.ingestion-6598c7946d-tz468.wav,A
1-000241-A-1.wav,1,1,glass_break,False,Glass_Breaking.glass.cbor.5scfkkq6.ingestion-746595cf47-jxpwt_chunk2.wav.5uscidme.ingestion-6598c7946d-h6mqm.wav,A
2-000242-A-1.wav,2,1,glass_break,False,Glass_Breaking.glass.cbor.5scf1hhg.ingestion-746595cf47-jxpwt_chunk1.wav.5uscicle.ingestion-6598c7946d-h6mqm.wav,A
3-000243-A-1.wav,3,1,glass_break,False,Glass_Breaking.glass.cbor.5scdqfqj.ingestion-746595cf47-xcdm8_chunk2.wav.5usciarr.ingestion-6598c7946d-tz468.wav,A
4-000244-A-1.wav,4,1,glass_break,False,Glass_Breaking.glass.cbor.5s4sjs1u.ingestion-6d4bc445b6-dzrkj_chunk2.wav.5uscia6i.ingestion-6598c7946d-dvgwh.wav,A
5-000245-A-1.wav,5,1,glass_break,False,Glass_Breaking.glass.cbor.5scff5ii.ingestion-746595cf47-7bncz_chunk2.wav.5uscid56.ingestion-6598c7946d-tz468.wav,A
1-000246-A-1.wav,1,1,glass_break,False,Glass_Breaking.glass.cbor.5s4rmdsq.ingestion-6d4bc445b6-rr4b8_chunk1.wav.5usci9oc.ingestion-6598c7946d-h6mqm.wav,A
2-000247-A-1.wav,2,1,glass_break,False,Glass_Breaking.glass.cbor.5s4l1ebc.ingestion-6d4bc445b6-dzrkj_chunk0.wav.5usci92t.ingestion-6598c7946d-dvgwh.wav,A
3-000248-A-1.wav,3,1,glass_break,False,Glass_Breaking.glass.cbor.5s4t3m4h.ingestion-6d4bc445b6-f9kz2_chunk2.wav.5usciae6.ingestion-6598c7946d-tz468.wav,A
4-000249-A-1.wav,4,1,glass_break,False,Glass_Breaking.glass.cbor.5scfhjet.ingestion-746595cf47-xcdm8_chunk1.wav.5uscidf2.ingestion-6598c7946d-h6mqm.wav,A
5-000250-A-1.wav,5,1,glass_break,False,Glass_Breaking.glass.cbor.5s4unmr3.ingestion-6d4bc445b6-rr4b8_chunk2.wav.5usciaqk.ingestion-6598c7946d-tz468.wav,A
1-000251-A-1.wav,1,1,glass_break,False,Glass_Breaking.glass.cbor.5s4ti7j0.ingestion-6d4bc445b6-f9kz2_chunk4.wav.5usciaov.ingestion-6598c7946d-dvgwh.wav,A
2-000252-A-1.wav,2,1,glass_break,False,Glass_Breaking.glass.cbor.5s4t3m4h.ingestion-6d4bc445b6-f9kz2_chunk1.wav.5usciadf.ingestion-6598c7946d-dvgwh.wav,A
3-000253-A-1.wav,3,1,glass_break,False,Glass_Breaking.glass.cbor.5s4ab01k.ingestion-6d4bc445b6-dzrkj_chunk3.wav.5usci8rp.ingestion-6598c7946d-tz468.wav,A
4-000254-A-1.wav,4,1,glass_break,False,Glass_Breaking.glass.cbor.5sceje7u.ingestion-746595cf47-xcdm8_chunk1.wav.5uscibfe.ingestion-6598c7946d-tz468.wav,A
5-000255-A-1.wav,5,1,glass_break,False,Glass_Breaking.glass.cbor.5s4tc0la.ingestion-6d4bc445b6-dzrkj_chunk2.wav.5usciaoc.ingestion-6598c7946d-h6mqm.wav,A
1-000256-A-1.wav,1,1,glass_break,False,Glass_Breaking.glass.cbor.5s4l1ebc.ingestion-6d4bc445b6-dzrkj_chunk4.wav.5usci99p.ingestion-6598c7946d-h6mqm.wav,A
2-000257-A-1.wav,2,1,glass_break,False,Glass_Breaking.glass.cbor.5scf911u.ingestion-746595cf47-7bncz_chunk2.wav.5uscicmb.ingestion-6598c7946d-tz468.wav,A
3-000258-A-1.wav,3,1,glass_break,False,Glass_Breaking.glass.cbor.5s4n4dag.ingestion-6d4bc445b6-dzrkj_chunk0.wav.5usci99r.ingestion-6598c7946d-dvgwh.wav,A
4-000259-A-1.wav,4,1,glass_break,False,Glass_Breaking.glass.cbor.5scepq18.ingestion-746595cf47-xcdm8_chunk1.wav.5uscibva.ingestion-6598c7946d-h6mqm.wav,A
5-000260-A-1.wav,5,1,glass_break,False,Glass_Breaking.glass.cbor.5scdsfqi.ingestion-746595cf47-7bncz_chunk2.wav.5uscib6a.ingestion-6598c7946d-dvgwh.wav,A
1-000261-A-1.wav,1,1,glass_break,False,Glass_Breaking.glass.cbor.5sceje7u.ingestion-746595cf47-xcdm8_chunk3.wav.5uscibon.ingestion-6598c7946d-h6mqm.wav,A
2-000262-A-1.wav,2,1,glass_break,False,Glass_Breaking.glass.cbor.5s4q60sl.ingestion-6d4bc445b6-dzrkj_chunk3.wav.5usci9at.ingestion-6598c7946d-tz468.wav,A
3-000263-A-1.wav,3,1,glass_break,False,Glass_Breaking.glass.cbor.5s4l1ebc.ingestion-6d4bc445b6-dzrkj_chunk1.wav.5usci92e.ingestion-6598c7946d-tz468.wav,A
4-000264-A-1.wav,4,1,glass_break,False,Glass_Breaking.glass.cbor.5scekht4.ingestion-746595cf47-xcdm8_chunk1.wav.5uscibss.ingestion-6598c7946d-tz468.wav,A
5-000265-A-1.wav,5,1,glass_break,False,Glass_Breaking.glass.cbor.5s48f1sm.ingestion-6d4bc445b6-rr4b8_chunk2.wav.5usci88f.ingestion-6598c7946d-dvgwh.wav,A
1-000266-A-1.wav,1,1,glass_break,False,Glass_Breaking.glass.cbor.5scf1hhg.ingestion-746595cf47-jxpwt_chunk3.wav.5uscicls.ingestion-6598c7946d-tz468.wav,A
2-000267-A-1.wav,2,1,glass_break,False,Glass_Breaking.glass.cbor.5scf28rs.ingestion-746595cf47-jxpwt_chunk2.wav.5uscicom.ingestion-6598c7946d-h6mqm.wav,A
3-000268-A-1.wav,3,1,glass_break,False,Glass_Breaking.glass.cbor.5s4s2tdr.ingestion-6d4bc445b6-f9kz2_chunk3.wav.5uscia1s.ingestion-6598c7946d-h6mqm.wav,A
4-000269-A-1.wav,4,1,glass_break,False,Glass_Breaking.glass.cbor.5s4sjs1u.ingestion-6d4bc445b6-dzrkj_chunk4.wav.5uscia6k.ingestion-6598c7946d-tz468.wav,A
5-000270-A-1.wav,5,1,glass_break,False,Glass_Breaking.glass.cbor.5scelmd5.ingestion-746595cf47-xcdm8_chunk4.wav.5uscibtv.ingestion-6598c7946d-h6mqm.wav,A
1-000271-A-1.wav,1,1,glass_break,False,Glass_Breaking.glass.cbor.5s4q60sl.ingestion-6d4bc445b6-dzrkj_chunk2.wav.5usci9ao.ingestion-6598c7946d-h6mqm.wav,A
2-000272-A-1.wav,2,1,glass_break,False,Glass_Breaking.glass.cbor.5scfodat.ingestion-746595cf47-xcdm8_chunk1.wav.5uscidra.ingestion-6598c7946d-tz468.wav,A
3-000273-A-1.wav,3,1,glass_break,False,Glass_Breaking.glass.cbor.5s4rd0gd.ingestion-6d4bc445b6-f9kz2_chunk3.wav.5usci9io.ingestion-6598c7946d-h6mqm.wav,A
4-000274-A-1.wav,4,1,glass_break,False,Glass_Breaking.glass.cbor.5s4sq2l2.ingestion-6d4bc445b6-f9kz2_chunk2.wav.5usciacl.ingestion-6598c7946d-h6mqm.wav,A
5-000275-A-1.wav,5,1,glass_break,False,Glass_Breaking.glass.cbor.5s4u86a7.ingestion-6d4bc445b6-dzrkj_chunk1.wav.5usciapb.ingestion-6598c7946d-h6mqm.wav,A
1-000276-A-1.wav,1,1,glass_break,False,Glass_Breaking.glass.cbor.5s4smr71.ingestion-6d4bc445b6-f9kz2_chunk4.wav.5usciac9.ingestion-6598c7946d-tz468.wav,A
2-000277-A-1.wav,2,1,glass_break,False,Glass_Breaking.glass.cbor.5s4ad9ug.ingestion-6d4bc445b6-dzrkj_chunk3.wav.5usci91m.ingestion-6598c7946d-tz468.wav,A
3-000278-A-1.wav,3,1,glass_break,False,Glass_Breaking.glass.cbor.5scff5ii.ingestion-746595cf47-7bncz_chunk3.wav.5uscid5m.ingestion-6598c7946d-h6mqm.wav,A
4-000279-A-1.wav,4,1,glass_break,False,Glass_Breaking.glass.cbor.5scfii3e.ingestion-746595cf47-xcdm8_chunk4.wav.5uscidlk.ingestion-6598c7946d-tz468.wav,A
5-000280-A-1.wav,5,1,glass_break,False,Glass_Breaking.glass.cbor.5s4semnh.ingestion-6d4bc445b6-f9kz2_chunk3.wav.5uscia5n.ingestion-6598c7946d-dvgwh.wav,A
1-000281-A-1.wav,1,1,glass_break,False,Glass_Breaking.glass.cbor.5scei94p.ingestion-746595cf47-7bncz_chunk2.wav.5uscibca.ingestion-6598c7946d-dvgwh.wav,A
2-000282-A-1.wav,2,1,glass_break,False,Glass_Breaking.glass.cbor.5s4ti7j0.ingestion-6d4bc445b6-f9kz2_chunk1.wav.5usciaol.ingestion-6598c7946d-tz468.wav,A
3-000283-A-1.wav,3,1,glass_break,False,Glass_Breaking.glass.cbor.5s4rmdsq.ingestion-6d4bc445b6-rr4b8_chunk4.wav.5usci9rn.ingestion-6598c7946d-h6mqm.wav,A
4-000284-A-1.wav,4,1,glass_break,False,Glass_Breaking.glass.cbor.5scfa0ap.ingestion-746595cf47-7bncz_chunk0.wav.5uscicpo.ingestion-6598c7946d-h6mqm.wav,A
5-000285-A-1.wav,5,1,glass_break,False,Glass_Breaking.glass.cbor.5s4t65r2.ingestion-6d4bc445b6-rr4b8_chunk1.wav.5usciae6.ingestion-6598c7946d-h6mqm.wav,A
1-000286-A-1.wav,1,1,glass_break,False,Glass_Breaking.glass.cbor.5scflrkm.ingestion-746595cf47-7bncz_chunk2.wav.5uscidnh.ingestion-6598c7946d-dvgwh.wav,A
2-000287-A-1.wav,2,1,glass_break,False,Glass_Breaking.glass.cbor.5scfat00.ingestion-746595cf47-jxpwt_chunk2.wav.5uscid2l.ingestion-6598c7946d-dvgwh.wav,A
3-000288-A-1.wav,3,1,glass_break,False,Glass_Breaking.glass.cbor.5scejuag.ingestion-746595cf47-7bncz_chunk2.wav.5uscibs8.ingestion-6598c7946d-h6mqm.wav,A
4-000289-A-1.wav,4,1,glass_break,False,Glass_Breaking.glass.cbor.5s4l1ebc.ingestion-6d4bc445b6-dzrkj_chunk3.wav.5usci997.ingestion-6598c7946d-dvgwh.wav,A
5-000290-A-1.wav,5,1,glass_break,False,Glass_Breaking.glass.cbor.5s4smr71.ingestion-6d4bc445b6-f9kz2_chunk2.wav.5uscia92.ingestion-6598c7946d-dvgwh.wav,A
1-000291-A-1.wav,1,1,glass_break,False,Glass_Breaking.glass.cbor.5scfp6j0.ingestion-746595cf47-7bncz_chunk3.wav.5uscidtq.ingestion-6598c7946d-h6mqm.wav,A
2-000292-A-1.wav,2,1,glass_break,False,Glass_Breaking.glass.cbor.5s4rmdsq.ingestion-6d4bc445b6-rr4b8_chunk0.wav.5usci9qe.ingestion-6598c7946d-dvgwh.wav,A
3-000293-A-1.wav,3,1,glass_break,False,Glass_Breaking.glass.cbor.5scfp6j0.ingestion-746595cf47-7bncz_chunk1.wav.5uscids7.ingestion-6598c7946d-dvgwh.wav,A
4-000294-A-1.wav,4,1,glass_break,False,Glass_Breaking.glass.cbor.5scf3cc3.ingestion-746595cf47-7bncz_chunk2.wav.5uscicp4.ingestion-6598c7946d-tz468.wav,A
5-000295-A-1.wav,5,1,glass_break,False,Glass_Breaking.glass.cbor.5scfp6j0.ingestion-746595cf47-7bncz_chunk2.wav.5uscidrs.ingestion-6598c7946d-tz468.wav,A
1-000296-A-1.wav,1,1,glass_break,False,Glass_Breaking.glass.cbor.5s4t085r.ingestion-6d4bc445b6-dzrkj_chunk2.wav.5usciacq.ingestion-6598c7946d-tz468.wav,A
2-000297-A-1.wav,2,1,glass_break,False,Glass_Breaking.glass.cbor.5scfhjet.ingestion-746595cf47-xcdm8_chunk3.wav.5uscidf5.ingestion-6598c7946d-tz468.wav,A
3-000298-A-1.wav,3,1,glass_break,False,Glass_Breaking.glass.cbor.5sceromj.ingestion-746595cf47-xcdm8_chunk2.wav.5uscicb6.ingestion-6598c7946d-dvgwh.wav,A
4-000299-A-1.wav,4,1,glass_break,False,Glass_Breaking.glass.cbor.5s495l9f.ingestion-6d4bc445b6-dzrkj_chunk1.wav.5usci8of.ingestion-6598c7946d-tz468.wav,A
5-000300-A-1.wav,5,1,glass_break,False,Glass_Breaking.glass.cbor.5s4semnh.ingestion-6d4bc445b6-f9kz2_chunk2.wav.5uscia62.ingestion-6598c7946d-h6mqm.wav,A
1-000301-A-1.wav,1,1,glass_break,False,Glass_Breaking.glass.cbor.5scelmd5.ingestion-746595cf47-xcdm8_chunk1.wav.5uscibta.ingestion-6598c7946d-tz468.wav,A
2-000302-A-1.wav,2,1,glass_break,False,Glass_Breaking.glass.cbor.5s4a65n3.ingestion-6d4bc445b6-dzrkj_chunk4.wav.5usci8qv.ingestion-6598c7946d-dvgwh.wav,A
3-000303-A-1.wav,3,1,glass_break,False,Glass_Breaking.glass.cbor.5scejuag.ingestion-746595cf47-7bncz_chunk3.wav.5uscibs8.ingestion-6598c7946d-tz468.wav,A
4-000304-A-1.wav,4,1,glass_break,False,Glass_Breaking.glass.cbor.5s4sbbg3.ingestion-6d4bc445b6-dzrkj_chunk4.wav.5uscia5e.ingestion-6598c7946d-h6mqm.wav,A
5-000305-A-1.wav,5,1,glass_break,False,Glass_Breaking.glass.cbor.5s4s844m.ingestion-6d4bc445b6-f9kz2_chunk2.wav.5uscia20.ingestion-6598c7946d-dvgwh.wav,A
1-000306-A-1.wav,1,1,glass_break,False,Glass_Breaking.glass.cbor.5sceult0.ingestion-746595cf47-xcdm8_chunk4.wav.5uscicl7.ingestion-6598c7946d-tz468.wav,A
2-000307-A-1.wav,2,1,glass_break,False,Glass_Breaking.glass.cbor.5s48ute3.ingestion-6d4bc445b6-f9kz2_chunk1.wav.5usci87u.ingestion-6598c7946d-tz468.wav,A
3-000308-A-1.wav,3,1,glass_break,False,Glass_Breaking.glass.cbor.5scfa0ap.ingestion-746595cf47-7bncz_chunk1.wav.5uscid24.ingestion-6598c7946d-tz468.wav,A
4-000309-A-1.wav,4,1,glass_break,False,Glass_Breaking.glass.cbor.5s4q8579.ingestion-6d4bc445b6-f9kz2_chunk3.wav.5usci9bb.ingestion-6598c7946d-tz468.wav,A
5-000310-A-1.wav,5,1,glass_break,False,Glass_Breaking.glass.cbor.5s4us499.ingestion-6d4bc445b6-dzrkj_chunk1.wav.5usciar3.ingestion-6598c7946d-tz468.wav,A
1-000311-A-1.wav,1,1,glass_break,False,Glass_Breaking.glass.cbor.5sce5ta1.ingestion-746595cf47-7bncz_chunk2.wav.5uscib93.ingestion-6598c7946d-h6mqm.wav,A
2-000312-A-1.wav,2,1,glass_break,False,Glass_Breaking.glass.cbor.5s4sjs1u.ingestion-6d4bc445b6-dzrkj_chunk3.wav.5uscia5m.ingestion-6598c7946d-tz468.wav,A
3-000313-A-1.wav,3,1,glass_break,False,Glass_Breaking.glass.cbor.5s4unmr3.ingestion-6d4bc445b6-rr4b8_chunk4.wav.5usciaqd.ingestion-6598c7946d-h6mqm.wav,A
4-000314-A-1.wav,4,1,glass_break,False,Glass_Breaking.glass.cbor.5s4sq2l2.ingestion-6d4bc445b6-f9kz2_chunk1.wav.5usciacp.ingestion-6598c7946d-dvgwh.wav,A
5-000315-A-1.wav,5,1,glass_break,False,Glass_Breaking.glass.cbor.5s48ute3.ingestion-6d4bc445b6-f9kz2_chunk2.wav.5usci8mf.ingestion-6598c7946d-tz468.wav,A
1-000316-A-1.wav,1,1,glass_break,False,Glass_Breaking.glass.cbor.5scf3cc3.ingestion-746595cf47-7bncz_chunk1.wav.5uscicon.ingestion-6598c7946d-dvgwh.wav,A
2-000317-A-1.wav,2,1,glass_break,False,Glass_Breaking.glass.cbor.5s4picj9.ingestion-6d4bc445b6-f9kz2_chunk2.wav.5usci9ac.ingestion-6598c7946d-dvgwh.wav,A
3-000318-A-1.wav,3,1,glass_break,False,Glass_Breaking.glass.cbor.5scfg8v8.ingestion-746595cf47-xcdm8_chunk1.wav.5uscid95.ingestion-6598c7946d-dvgwh.wav,A
4-000319-A-1.wav,4,1,glass_break,False,Glass_Breaking.glass.cbor.5scff5ii.ingestion-746595cf47-7bncz_chunk1.wav.5uscid5f.ingestion-6598c7946d-dvgwh.wav,A
5-000320-A-1.wav,5,1,glass_break,False,Glass_Breaking.glass.cbor.5scfdo6h.ingestion-746595cf47-jxpwt_chunk3.wav.5uscid3i.ingestion-6598c7946d-dvgwh.wav,A
1-000321-A-1.wav,1,1,glass_break,False,Glass_Breaking.glass.cbor.5s4uf65o.ingestion-6d4bc445b6-rr4b8_chunk1.wav.5usciaq4.ingestion-6598c7946d-dvgwh.wav,A
2-000322-A-1.wav,2,1,glass_break,False,Glass_Breaking.glass.cbor.5scfhjet.ingestion-746595cf47-xcdm8_chunk2.wav.5uscider.ingestion-6598c7946d-dvgwh.wav,A
3-000323-A-1.wav,3,1,glass_break,False,Glass_Breaking.glass.cbor.5scfkkq6.ingestion-746595cf47-jxpwt_chunk3.wav.5uscidmi.ingestion-6598c7946d-tz468.wav,A
4-000324-A-1.wav,4,1,glass_break,False,Glass_Breaking.glass.cbor.5scemtqb.ingestion-746595cf47-xcdm8_chunk1.wav.5uscibts.ingestion-6598c7946d-tz468.wav,A
5-000325-A-1.wav,5,1,glass_break,False,Glass_Breaking.glass.cbor.5s4unmr3.ingestion-6d4bc445b6-rr4b8_chunk3.wav.5usciaqh.ingestion-6598c7946d-dvgwh.wav,A
1-000326-A-1.wav,1,1,glass_break,False,Glass_Breaking.glass.cbor.5s4ub69k.ingestion-6d4bc445b6-rr4b8_chunk2.wav.5usciapp.ingestion-6598c7946d-h6mqm.wav,A
2-000327-A-1.wav,2,1,glass_break,False,Glass_Breaking.glass.cbor.5scelmd5.ingestion-746595cf47-xcdm8_chunk3.wav.5uscibu8.ingestion-6598c7946d-dvgwh.wav,A
3-000328-A-1.wav,3,1,glass_break,False,Glass_Breaking.glass.cbor.5s4picj9.ingestion-6d4bc445b6-f9kz2_chunk1.wav.5usci9ad.ingestion-6598c7946d-tz468.wav,A
4-000329-A-1.wav,4,1,glass_break,False,Glass_Breaking.glass.cbor.5scfii3e.ingestion-746595cf47-xcdm8_chunk2.wav.5uscidli.ingestion-6598c7946d-h6mqm.wav,A
5-000330-A-1.wav,5,1,glass_break,False,Glass_Breaking.glass.cbor.5scejuag.ingestion-746595cf47-7bncz_chunk1.wav.5uscibsi.ingestion-6598c7946d-dvgwh.wav,A
1-000331-A-1.wav,1,1,glass_break,False,Glass_Breaking.glass.cbor.5scdsfqi.ingestion-746595cf47-7bncz_chunk1.wav.5usciaue.ingestion-6598c7946d-h6mqm.wav,A
2-000332-A-1.wav,2,1,glass_break,False,Glass_Breaking.glass.cbor.5sceult0.ingestion-746595cf47-xcdm8_chunk1.wav.5uscichr.ingestion-6598c7946d-h6mqm.wav,A
3-000333-A-1.wav,3,1,glass_break,False,Glass_Breaking.glass.cbor.5s4shhp6.ingestion-6d4bc445b6-rr4b8_chunk2.wav.5uscia64.ingestion-6598c7946d-tz468.wav,A
4-000334-A-1.wav,4,1,glass_break,False,Glass_Breaking.glass.cbor.5scdqfqj.ingestion-746595cf47-xcdm8_chunk3.wav.5usciarp.ingestion-6598c7946d-dvgwh.wav,A
5-000335-A-1.wav,5,1,glass_break,False,Glass_Breaking.glass.1748587834262.wav.5scjui2u.ingestion-746595cf47-jxpwt.s1_chunk0.wav.5usci8l6.ingestion-6598c7946d-dvgwh.wav,A
1-000336-A-1.wav,1,1,glass_break,False,Glass_Breaking.glass.cbor.5s4v0gae.ingestion-6d4bc445b6-f9kz2_chunk2.wav.5usciarh.ingestion-6598c7946d-h6mqm.wav,A
2-000337-A-1.wav,2,1,glass_break,False,Glass_Breaking.glass.cbor.5sceqsuo.ingestion-746595cf47-xcdm8_chunk3.wav.5uscic5n.ingestion-6598c7946d-dvgwh.wav,A
3-000338-A-1.wav,3,1,glass_break,False,Glass_Breaking.glass.cbor.5scf8bsd.ingestion-746595cf47-jxpwt_chunk2.wav.5uscicp6.ingestion-6598c7946d-dvgwh.wav,A
4-000339-A-1.wav,4,1,glass_break,False,Glass_Breaking.glass.cbor.5scdu2o2.ingestion-746595cf47-jxpwt_chunk1.wav.5uscib5d.ingestion-6598c7946d-h6mqm.wav,A
5-000340-A-1.wav,5,1,glass_break,False,Glass_Breaking.glass.cbor.5scffpt9.ingestion-746595cf47-jxpwt_chunk3.wav.5uscid8j.ingestion-6598c7946d-dvgwh.wav,A
1-000341-A-1.wav,1,1,glass_break,False,Glass_Breaking.glass.cbor.5sceje7u.ingestion-746595cf47-xcdm8_chunk4.wav.5usciboo.ingestion-6598c7946d-dvgwh.wav,A
2-000342-A-1.wav,2,1,glass_break,False,Glass_Breaking.glass.cbor.5scfg8v8.ingestion-746595cf47-xcdm8_chunk0.wav.5uscid8t.ingestion-6598c7946d-h6mqm.wav,A
3-000343-A-1.wav,3,1,glass_break,False,Glass_Breaking.glass.cbor.5scfdo6h.ingestion-746595cf47-jxpwt_chunk1.wav.5uscid3v.ingestion-6598c7946d-h6mqm.wav,A
4-000344-A-1.wav,4,1,glass_break,False,Glass_Breaking.glass.cbor.5s4q9oum.ingestion-6d4bc445b6-rr4b8_chunk1.wav.5usci9f6.ingestion-6598c7946d-dvgwh.wav,A
5-000345-A-1.wav,5,1,glass_break,False,Glass_Breaking.glass.cbor.5scfh296.ingestion-746595cf47-7bncz_chunk2.wav.5uscidej.ingestion-6598c7946d-h6mqm.wav,A
1-000346-A-1.wav,1,1,glass_break,False,Glass_Breaking.glass.cbor.5s4ab01k.ingestion-6d4bc445b6-dzrkj_chunk4.wav.5usci8rn.ingestion-6598c7946d-dvgwh.wav,A
2-000347-A-1.wav,2,1,glass_break,False,Glass_Breaking.glass.cbor.5s48f1sm.ingestion-6d4bc445b6-rr4b8_chunk1.wav.5usci8lo.ingestion-6598c7946d-dvgwh.wav,A
3-000348-A-1.wav,3,1,glass_break,False,Glass_Breaking.glass.cbor.5scfk1ta.ingestion-746595cf47-7bncz_chunk1.wav.5uscidm1.ingestion-6598c7946d-h6mqm.wav,A
4-000349-A-1.wav,4,1,glass_break,False,Glass_Breaking.glass.cbor.5s495l9f.ingestion-6d4bc445b6-dzrkj_chunk3.wav.5usci8ku.ingestion-6598c7946d-tz468.wav,A
5-000350-A-1.wav,5,1,glass_break,False,Glass_Breaking.glass.cbor.5scf911u.ingestion-746595cf47-7bncz_chunk1.wav.5uscicln.ingestion-6598c7946d-dvgwh.wav,A
1-000351-A-1.wav,1,1,glass_break,False,Glass_Breaking.glass.cbor.5scepq18.ingestion-746595cf47-xcdm8_chunk3.wav.5uscibv5.ingestion-6598c7946d-tz468.wav,A
2-000352-A-1.wav,2,1,glass_break,False,Glass_Breaking.glass.cbor.5sce8ogh.ingestion-746595cf47-7bncz_chunk1.wav.5uscibbt.ingestion-6598c7946d-dvgwh.wav,A
3-000353-A-1.wav,3,1,glass_break,False,Glass_Breaking.glass.cbor.5s4a65n3.ingestion-6d4bc445b6-dzrkj_chunk3.wav.5usci8ku.ingestion-6598c7946d-h6mqm.wav,A
4-000354-A-1.wav,4,1,glass_break,False,Glass_Breaking.glass.cbor.5scf28rs.ingestion-746595cf47-jxpwt_chunk4.wav.5uscicoi.ingestion-6598c7946d-tz468.wav,A
5-000355-A-1.wav,5,1,glass_break,False,Glass_Breaking.glass.cbor.5scei94p.ingestion-746595cf47-7bncz_chunk4.wav.5uscibd3.ingestion-6598c7946d-tz468.wav,A
1-000356-A-1.wav,1,1,glass_break,False,Glass_Breaking.glass.cbor.5scfh296.ingestion-746595cf47-7bncz_chunk1.wav.5uscid8v.ingestion-6598c7946d-tz468.wav,A
2-000357-A-1.wav,2,1,glass_break,False,Glass_Breaking.glass.cbor.5s4qdte5.ingestion-6d4bc445b6-dzrkj_chunk4.wav.5usci9np.ingestion-6598c7946d-dvgwh.wav,A
3-000358-A-1.wav,3,1,glass_break,False,Glass_Breaking.glass.cbor.5scfa0ap.ingestion-746595cf47-7bncz_chunk2.wav.5uscid26.ingestion-6598c7946d-dvgwh.wav,A
4-000359-A-1.wav,4,1,glass_break,False,Glass_Breaking.glass.cbor.5s4n4dag.ingestion-6d4bc445b6-dzrkj_chunk1.wav.5usci9aa.ingestion-6598c7946d-h6mqm.wav,A
5-000360-A-1.wav,5,1,glass_break,False,Glass_Breaking.glass.cbor.5scei94p.ingestion-746595cf47-7bncz_chunk0.wav.5uscibcd.ingestion-6598c7946d-tz468.wav,A
1-000361-A-1.wav,1,1,glass_break,False,Glass_Breaking.glass.cbor.5scemtqb.ingestion-746595cf47-xcdm8_chunk3.wav.5uscibv1.ingestion-6598c7946d-dvgwh.wav,A
2-000362-A-1.wav,2,1,glass_break,False,Glass_Breaking.glass.cbor.5scfdo6h.ingestion-746595cf47-jxpwt_chunk0.wav.5uscid33.ingestion-6598c7946d-dvgwh.wav,A
3-000363-A-1.wav,3,1,glass_break,False,Glass_Breaking.glass.cbor.5s4rd0gd.ingestion-6d4bc445b6-f9kz2_chunk1.wav.5usci9o6.ingestion-6598c7946d-dvgwh.wav,A
4-000364-A-1.wav,4,1,glass_break,False,Glass_Breaking.glass.cbor.5scfodat.ingestion-746595cf47-xcdm8_chunk3.wav.5uscidri.ingestion-6598c7946d-dvgwh.wav,A
5-000365-A-1.wav,5,1,glass_break,False,Glass_Breaking.glass.cbor.5s4ad9ug.ingestion-6d4bc445b6-dzrkj_chunk4.wav.5usci92a.ingestion-6598c7946d-dvgwh.wav,A
1-000366-A-1.wav,1,1,glass_break,False,Glass_Breaking.glass.cbor.5scfnnqu.ingestion-746595cf47-xcdm8_chunk3.wav.5uscidn7.ingestion-6598c7946d-h6mqm.wav,A
2-000367-A-1.wav,2,1,glass_break,False,Glass_Breaking.glass.cbor.5scdu2o2.ingestion-746595cf47-jxpwt_chunk4.wav.5uscib61.ingestion-6598c7946d-tz468.wav,A
3-000368-A-1.wav,3,1,glass_break,False,Glass_Breaking.glass.cbor.5scfii3e.ingestion-746595cf47-xcdm8_chunk3.wav.5uscidlu.ingestion-6598c7946d-dvgwh.wav,A
4-000369-A-1.wav,4,1,glass_break,False,Glass_Breaking.glass.cbor.5s4ad9ug.ingestion-6d4bc445b6-dzrkj_chunk2.wav.5usci8sh.ingestion-6598c7946d-tz468.wav,A
5-000370-A-1.wav,5,1,glass_break,False,Glass_Breaking.glass.cbor.5s498hrq.ingestion-6d4bc445b6-f9kz2_chunk2.wav.5usci883.ingestion-6598c7946d-dvgwh.wav,A
1-000371-A-1.wav,1,1,glass_break,False,Glass_Breaking.glass.cbor.5sceje7u.ingestion-746595cf47-xcdm8_chunk0.wav.5uscibel.ingestion-6598c7946d-tz468.wav,A
2-000372-A-1.wav,2,1,glass_break,False,Glass_Breaking.glass.cbor.5sce12ae.ingestion-746595cf47-xcdm8_chunk2.wav.5uscib87.ingestion-6598c7946d-tz468.wav,A
3-000373-A-1.wav,3,1,glass_break,False,Glass_Breaking.glass.cbor.5sce5ta1.ingestion-746595cf47-7bncz_chunk1.wav.5uscib8g.ingestion-6598c7946d-h6mqm.wav,A
4-000374-A-1.wav,4,1,glass_break,False,Glass_Breaking.glass.cbor.5s4ub69k.ingestion-6d4bc445b6-rr4b8_chunk3.wav.5usciaq2.ingestion-6598c7946d-tz468.wav,A
5-000375-A-1.wav,5,1,glass_break,False,Glass_Breaking.glass.cbor.5sce6m0o.ingestion-746595cf47-jxpwt_chunk2.wav.5uscib95.ingestion-6598c7946d-dvgwh.wav,A
1-000376-A-1.wav,1,1,glass_break,False,Glass_Breaking.glass.cbor.5scfa0ap.ingestion-746595cf47-7bncz_chunk3.wav.5uscid2o.ingestion-6598c7946d-h6mqm.wav,A
2-000377-A-1.wav,2,1,glass_break,False,Glass_Breaking.glass.cbor.5scfcvn3.ingestion-746595cf47-7bncz_chunk4.wav.5uscid3g.ingestion-6598c7946d-tz468.wav,A
3-000378-A-1.wav,3,1,glass_break,False,Glass_Breaking.glass.cbor.5s4ad9ug.ingestion-6d4bc445b6-dzrkj_chunk1.wav.5usci8rr.ingestion-6598c7946d-h6mqm.wav,A
4-000379-A-1.wav,4,1,glass_break,False,Glass_Breaking.glass.cbor.5s4r6v6g.ingestion-6d4bc445b6-f9kz2_chunk1.wav.5usci9kc.ingestion-6598c7946d-tz468.wav,A
5-000380-A-1.wav,5,1,glass_break,False,Glass_Breaking.glass.cbor.5sce12ae.ingestion-746595cf47-xcdm8_chunk1.wav.5uscib7s.ingestion-6598c7946d-h6mqm.wav,A
1-000381-A-1.wav,1,1,glass_break,False,Glass_Breaking.glass.cbor.5scfdo6h.ingestion-746595cf47-jxpwt_chunk4.wav.5uscid56.ingestion-6598c7946d-h6mqm.wav,A
2-000382-A-1.wav,2,1,glass_break,False,Glass_Breaking.glass.cbor.5s4s844m.ingestion-6d4bc445b6-f9kz2_chunk3.wav.5uscia54.ingestion-6598c7946d-tz468.wav,A
3-000383-A-1.wav,3,1,glass_break,False,Glass_Breaking.glass.cbor.5sceje7u.ingestion-746595cf47-xcdm8_chunk2.wav.5uscibom.ingestion-6598c7946d-tz468.wav,A
4-000384-A-1.wav,4,1,glass_break,False,Glass_Breaking.glass.cbor.5sceromj.ingestion-746595cf47-xcdm8_chunk4.wav.5uscici4.ingestion-6598c7946d-tz468.wav,A
5-000385-A-1.wav,5,1,glass_break,False,Glass_Breaking.glass.cbor.5sceromj.ingestion-746595cf47-xcdm8_chunk3.wav.5uscichj.ingestion-6598c7946d-dvgwh.wav,A
1-000386-A-1.wav,1,1,glass_break,False,Glass_Breaking.glass.cbor.5s4n2g5c.ingestion-6d4bc445b6-dzrkj_chunk2.wav.5usci99n.ingestion-6598c7946d-tz468.wav,A
2-000387-A-1.wav,2,1,glass_break,False,Glass_Breaking.glass.cbor.5scemtqb.ingestion-746595cf47-xcdm8_chunk4.wav.5uscibuc.ingestion-6598c7946d-h6mqm.wav,A
3-000388-A-1.wav,3,1,glass_break,False,Glass_Breaking.glass.cbor.5s4ror8n.ingestion-6d4bc445b6-f9kz2_chunk1.wav.5usci9up.ingestion-6598c7946d-dvgwh.wav,A
4-000389-A-1.wav,4,1,glass_break,False,Glass_Breaking.glass.cbor.5scejuag.ingestion-746595cf47-7bncz_chunk0.wav.5uscibri.ingestion-6598c7946d-tz468.wav,A
5-000390-A-1.wav,5,1,glass_break,False,Glass_Breaking.glass.cbor.5scfcvn3.ingestion-746595cf47-7bncz_chunk3.wav.5uscid3a.ingestion-6598c7946d-h6mqm.wav,A
1-000391-A-1.wav,1,1,glass_break,False,Glass_Breaking.glass.cbor.5s4smr71.ingestion-6d4bc445b6-f9kz2_chunk1.wav.5uscia96.ingestion-6598c7946d-tz468.wav,A
2-000392-A-1.wav,2,1,glass_break,False,Glass_Breaking.glass.cbor.5s4s2tdr.ingestion-6d4bc445b6-f9kz2_chunk4.wav.5uscia1v.ingestion-6598c7946d-tz468.wav,A
3-000393-A-1.wav,3,1,glass_break,False,Glass_Breaking.glass.cbor.5scekht4.ingestion-746595cf47-xcdm8_chunk3.wav.5uscibtk.ingestion-6598c7946d-dvgwh.wav,A
4-000394-A-1.wav,4,1,glass_break,False,Glass_Breaking.glass.cbor.5scfk1ta.ingestion-746595cf47-7bncz_chunk2.wav.5uscidm4.ingestion-6598c7946d-tz468.wav,A
5-000395-A-1.wav,5,1,glass_break,False,Glass_Breaking.glass.cbor.5s4ti7j0.ingestion-6d4bc445b6-f9kz2_chunk3.wav.5usciap7.ingestion-6598c7946d-tz468.wav,A
1-000396-A-1.wav,1,1,glass_break,False,Glass_Breaking.glass.cbor.5s4925ag.ingestion-6d4bc445b6-rr4b8_chunk2.wav.5usci8o3.ingestion-6598c7946d-dvgwh.wav,A
2-000397-A-1.wav,2,1,glass_break,False,Glass_Breaking.glass.cbor.5s4a38gh.ingestion-6d4bc445b6-rr4b8_chunk2.wav.5usci8m7.ingestion-6598c7946d-h6mqm.wav,A
3-000398-A-1.wav,3,1,glass_break,False,Glass_Breaking.glass.cbor.5scfl8jk.ingestion-746595cf47-xcdm8_chunk1.wav.5uscidmm.ingestion-6598c7946d-dvgwh.wav,A
4-000399-A-1.wav,4,1,glass_break,False,Glass_Breaking.glass.cbor.5s4a0ti3.ingestion-6d4bc445b6-rr4b8_chunk2.wav.5usci81t.ingestion-6598c7946d-h6mqm.wav,A
5-000400-A-1.wav,5,1,glass_break,False,Glass_Breaking.glass.cbor.5scf8bsd.ingestion-746595cf47-jxpwt_chunk1.wav.5uscicpa.ingestion-6598c7946d-h6mqm.wav,A
1-000401-A-1.wav,1,1,glass_break,False,Glass_Breaking.glass.cbor.5scffpt9.ingestion-746595cf47-jxpwt_chunk2.wav.5uscid64.ingestion-6598c7946d-tz468.wav,A
2-000402-A-1.wav,2,1,glass_break,False,Glass_Breaking.glass.cbor.5s4a65n3.ingestion-6d4bc445b6-dzrkj_chunk2.wav.5usci8m0.ingestion-6598c7946d-tz468.wav,A
3-000403-A-1.wav,3,1,glass_break,False,Glass_Breaking.glass.cbor.5s2lutvm.ingestion-5c8f7769c4-j56cv_chunk1.wav.5usci87s.ingestion-6598c7946d-h6mqm.wav,A
4-000404-A-1.wav,4,1,glass_break,False,Glass_Breaking.glass.cbor.5s4rufsa.ingestion-6d4bc445b6-f9kz2_chunk2.wav.5usci9uv.ingestion-6598c7946d-tz468.wav,A
5-000405-A-1.wav,5,1,glass_break,False,Glass_Breaking.glass.cbor.5scflrkm.ingestion-746595cf47-7bncz_chunk1.wav.5uscidmu.ingestion-6598c7946d-tz468.wav,A
1-000406-A-1.wav,1,1,glass_break,False,Glass_Breaking.glass.cbor.5s4s0qu9.ingestion-6d4bc445b6-rr4b8_chunk2.wav.5usci9vc.ingestion-6598c7946d-h6mqm.wav,A
2-000407-A-1.wav,2,1,glass_break,False,Glass_Breaking.glass.cbor.5sceqsuo.ingestion-746595cf47-xcdm8_chunk2.wav.5uscic32.ingestion-6598c7946d-tz468.wav,A
3-000408-A-1.wav,3,1,glass_break,False,Glass_Breaking.glass.cbor.5sceult0.ingestion-746595cf47-xcdm8_chunk2.wav.5uscici2.ingestion-6598c7946d-dvgwh.wav,A
4-000409-A-1.wav,4,1,glass_break,False,Glass_Breaking.glass.cbor.5s48hjtb.ingestion-6d4bc445b6-dzrkj_chunk1.wav.5usci88g.ingestion-6598c7946d-tz468.wav,A
5-000410-A-1.wav,5,1,glass_break,False,Glass_Breaking.glass.cbor.5s4tns5k.ingestion-6d4bc445b6-rr4b8_chunk3.wav.5usciapk.ingestion-6598c7946d-tz468.wav,A
1-000411-A-1.wav,1,1,glass_break,False,Glass_Breaking.glass.cbor.5s4a38gh.ingestion-6d4bc445b6-rr4b8_chunk1.wav.5usci7en.ingestion-6598c7946d-tz468.wav,A
2-000412-A-1.wav,2,1,glass_break,False,Glass_Breaking.glass.cbor.5s4rufsa.ingestion-6d4bc445b6-f9kz2_chunk3.wav.5uscia0j.ingestion-6598c7946d-dvgwh.wav,A
3-000413-A-1.wav,3,1,glass_break,False,Glass_Breaking.glass.cbor.5s4s93a7.ingestion-6d4bc445b6-rr4b8_chunk2.wav.5uscia58.ingestion-6598c7946d-dvgwh.wav,A
4-000414-A-1.wav,4,1,glass_break,False,Glass_Breaking.glass.cbor.5s4l1ebc.ingestion-6d4bc445b6-dzrkj_chunk2.wav.5usci92a.ingestion-6598c7946d-h6mqm.wav,A
5-000415-A-1.wav,5,1,glass_break,False,Glass_Breaking.glass.cbor.5scei94p.ingestion-746595cf47-7bncz_chunk1.wav.5uscibbs.ingestion-6598c7946d-h6mqm.wav,A
1-000416-A-1.wav,1,1,glass_break,False,Glass_Breaking.glass.cbor.5scelmd5.ingestion-746595cf47-xcdm8_chunk0.wav.5uscibt7.ingestion-6598c7946d-h6mqm.wav,A
2-000417-A-1.wav,2,1,glass_break,False,Glass_Breaking.glass.cbor.5sce6m0o.ingestion-746595cf47-jxpwt_chunk4.wav.5uscibbu.ingestion-6598c7946d-tz468.wav,A
